iter	RMSE
0	0.0005472676341
1	0.0005415811622
2	0.0005364905104
3	0.0005268181083
4	0.000521812271
