iter	RMSE
0	0.0005668456531
1	0.0005664152683
2	0.0005650493409
3	0.0005644262255
4	0.0005641019595
